{"cameraMode":{"drawMode":0,"name":"Shaded","section":"Shading Mode"},"sceneLighting":true,"audioPlay":false,"sceneViewState":{"m_AlwaysRefresh":false,"showFog":true,"showSkybox":true,"showFlares":true,"showImageEffects":true,"showParticleSystems":true,"showVisualEffectGraphs":true,"m_FxEnabled":true},"in2DMode":false,"pivot":{"x":-0.2810373306274414,"y":0.4006931781768799,"z":0.02240610122680664},"rotation":{"x":-0.0801665335893631,"y":0.8995231986045837,"z":-0.18638192117214204,"w":-0.386902779340744},"size":2.4921822547912599,"orthographic":false}